EX Wavelength/EM Wavelength,250,252,254,256,258,260,262,264,266,268,270,272,274,276,278,280,282,284,286,288,290,292,294,296,298,300,302,304,306,308,310,312,314,316,318,320,322,324,326,328,330,332,334,336,338,340,342,344,346,348,350,352,354,356,358,360,362,364,366,368,370,372,374,376,378,380,382,384,386,388,390,392,394,396,398,400,402,404,406,408,410,412,414,416,418,420,422,424,426,428,430,432,434,436,438,440,442,444,446,448,450,452,454,456,458,460,462,464,466,468,470,472,474,476,478,480,482,484,486,488,490,492,494,496,498,500,502,504,506,508,510,512,514,516,518,520,522,524,526,528,530,532,534,536,538,540,542,544,546,548,550,552,554,556,558,560,562,564,566,568,570,572,574,576,578,580,582,584,586,588,590,592,594,596,598,600,
240.0,-110.769,-95.944,-62.184,-72.902,-37.028,-1.411,-14.827,-38.722,-37.2,-40.83,-41.381,-49.92,-36.931,-42.655,-36.037,-20.827,-36.895,-35.203,-37.291,-21.622,-27.67,-20.756,-23.829,-13.093,-24.295,-13.675,-17.177,-25.639,-14.845,-17.224,-16.371,-1.828,-1.677,6.047,-3.574,-2.286,-0.175,-3.057,0.92,-9.214,5.055,4.936,11.234,8.081,9.071,8.369,11.334,17.494,16.162,5.212,14.969,14.121,15.351,25.764,19.281,19.939,12.821,26.984,9.772,18.118,19.762,27.846,19.085,24.226,20.778,19.782,21.764,24.054,24.217,17.271,26.164,16.162,10.943,9.916,16.505,23.22,14.14,12.544,18.39,14.754,18.296,23.264,12.199,18.6,20.714,24.222,20.651,25.931,28.885,7.529,18.716,15.054,31.673,21.856,22.464,23.002,23.65,16.317,18.209,11.003,15.314,17.193,7.953,18.003,5.018,5.279,15.237,11.772,14.248,20.859,14.862,70.887,381.896,1499.42,3395.35,4111.191,3271.149,1494.717,405.852,73.203,15.469,8.204,8.179,-1.207,-1.952,1.334,0.952,-2.831,-4.955,0.994,0.162,-8.048,-2.831,-3.544,7.289,3.743,2.625,-5.524,-8.153,-7.831,-7.472,-14.847,-6.969,-13.15,-16.867,-13.508,-9.996,-16.447,-10.644,-23.836,-12.797,-10.171,-21.143,-21.535,-23.352,-19.003,-30.196,-20.749,-21.84,-23.176,-23.157,-16.896,-31.809,-28.818,-18.309,-26.146,-34.088,-27.855,-25.342,-33.45,-37.334,-24.835,-30.441,-35.541,-32.847,-38.943,
245.0,908.573,-17.849,-27.687,-16.379,-24.788,-36.393,-20.811,-11.135,15.496,-2.51,-12.471,-26.811,-7.431,-24.646,-14.126,-26.093,-21.91,-28.607,-21.362,-22.161,-21.841,-16.174,-12.589,-15.756,-18.492,-15.144,-23.764,-12.453,-18.998,-13.819,-5.487,-3.215,-6.044,-5.475,-1.923,-1.482,-4.072,-0.17,0.788,1.03,-2.001,5.483,4.429,20.897,14.492,7.79,15.479,19.791,6.461,16.555,26.001,26.932,21.594,27.983,12.606,16.65,28.131,22.259,19.905,25.726,17.899,18.985,20.935,23.041,22.89,17.467,21.839,22.009,23.851,27.674,15.936,19.632,25.295,18.589,16.983,22.2,15.658,32.513,26.099,19.725,20.073,28.857,22.475,27.106,28.482,7.936,16.97,23.976,12.024,10.727,24.2,21.713,22.75,28.99,21.426,21.164,20.457,7.864,13.943,14.406,25.429,25.731,22.246,7.453,19.234,18.434,19.573,16.788,10.835,19.586,19.283,19.565,26.239,23.1,6.553,20.527,38.74,388.148,1521.773,3345.464,4577.554,3709.602,1949.828,527.813,106.651,29.568,10.743,10.921,11.063,2.801,11.739,6.256,0.01,7.291,-1.023,-4.295,4.227,5.976,-6.92,-1.964,1.383,-0.479,2.907,6.58,-4.435,-0.382,-3.383,-13.03,-15.348,-2.828,-13.268,-17.09,-8.419,-8.055,-13.255,-15.978,-11.807,-11.343,-14.074,-4.922,-8.922,-17.874,-23.9,-17.82,-17.042,-24.235,-19.854,-20.543,-26.863,-13.33,-22.405,-12.947,-25.092,-26.081,-31.014,-25.419,
250.0,37509.204,21485.235,3693.531,181.321,-10.774,-14.484,-15.687,-39.662,-10.767,6.421,2.522,18.214,14.043,-7.801,-17.063,-8.513,-12.925,-16.183,-12.88,-15.413,4.284,-4.541,-10.935,-11.353,-18.824,-2.909,-11.629,-14.344,-3.592,-13.126,-2.084,-6.684,3.487,-2.166,-1.768,5.492,3.186,7.55,6.648,15.491,7.676,15.559,16.502,8.291,17.683,13.848,16.208,17.376,17.896,23.57,17.583,22.648,28.977,24.01,25.163,27.939,31.893,22.408,29.684,26.254,20.911,23.258,23.648,25.132,25.613,33.356,20.392,25.323,27.692,24.939,25.186,26.052,29.415,14.188,20.317,19.999,23.302,28.949,22.823,19.308,15.661,14.932,17.841,28.985,25.134,34.421,22.905,26.53,27.474,25.227,29.634,24.979,31.739,35.738,28.5,20.306,25.063,23.27,22.684,27.197,28.968,29.7,25.393,22.852,20.525,21.97,29.639,17.561,18.754,28.211,12.551,15.985,12.421,12.563,25.028,18.966,17.239,13.99,25.485,22.464,23.043,60.54,367.289,1640.26,3682.63,4991.235,4102.804,2098.576,667.368,104.987,15.141,13.271,16.339,10.835,3.397,0.627,9.415,5.407,5.187,5.246,4.536,9.969,-0.091,0.861,-0.356,5.314,4.337,0.177,3.476,8.21,1.911,-5.086,-4.685,-6.55,1.201,-9.336,-3.322,-7.593,-5.606,-13.366,-9.595,-9.623,-7.033,-11.413,-18.972,-7.044,-16.535,-15.181,-12.075,-15.87,-14.979,-17.346,-17.996,-17.85,-18.839,-10.748,
255.0,1773.145,11593.331,33466.492,31039.102,10658.241,1164.281,6.095,0.19,24.176,9.577,0.404,17.1,0.346,3.906,39.873,17.456,6.735,-7.021,-4.608,-4.414,-10.765,-8.287,-1.206,-6.462,0.803,0.685,4.861,-1.172,3.2,-1.814,8.299,8.18,6.77,7.863,9.073,20.458,20.273,16.233,20.564,14.187,22.667,24.815,20.316,36.288,30.917,21.48,29.453,24.988,33.13,39.212,32.114,31.083,34.733,36.788,35.77,32.228,37.455,37.99,33.016,39.808,35.072,22.138,31.964,30.062,40.235,26.667,36.005,34.954,38.616,21.307,31.355,30.398,33.612,39.557,29.617,27.751,30.027,20.034,33.83,28.945,24.274,28.355,36.242,36.857,26.391,32.563,34.182,38.337,36.415,29.761,43.166,34.978,24.441,26.746,31.615,32.515,40.091,37.503,28.334,40.18,27.192,37.223,37.529,31.012,26.96,29.052,29.704,28.223,22.627,26.02,36.145,25.093,33.811,29.372,26.002,32.287,25.379,35.818,18.587,24.156,30.414,17.631,31.364,21.744,27.34,21.25,82.047,469.397,1891.762,4630.964,6567.32,5899.0,3086.62,939.746,161.326,16.791,21.397,15.205,3.463,13.693,7.171,17.392,11.377,10.731,0.438,11.19,5.929,8.861,7.987,12.307,-1.039,8.579,5.016,6.414,10.287,9.502,6.101,0.91,-5.177,-0.545,-8.404,-2.706,-5.849,-10.4,-9.352,-4.272,-12.396,-11.392,-7.295,-3.155,-18.773,-6.869,-15.291,-9.593,-9.675,-16.38,
260.0,-22.922,-17.813,118.781,3237.558,18318.353,35194.577,22082.145,4709.866,235.06,11.323,31.235,18.144,6.856,13.705,0.737,10.416,30.051,47.987,35.842,28.227,8.911,7.882,5.739,2.785,9.059,8.308,-1.021,4.63,13.625,13.41,18.051,12.544,14.431,27.457,24.501,20.809,29.212,36.907,26.131,31.459,36.931,33.261,33.627,41.715,43.404,46.233,35.744,37.964,39.273,44.515,33.593,47.23,46.846,33.537,42.264,45.132,35.884,44.531,34.368,38.242,40.051,30.471,43.35,32.543,36.921,31.775,37.291,37.966,40.846,38.621,33.454,33.035,30.641,32.936,43.48,29.675,29.026,30.023,28.958,32.044,30.246,41.806,40.696,30.195,32.623,36.997,31.587,28.002,37.755,37.246,41.963,29.269,46.306,34.995,34.074,34.39,32.592,33.293,33.026,32.921,32.074,36.91,32.961,38.608,28.07,23.28,37.683,34.333,34.84,24.446,37.107,33.165,32.971,34.373,33.752,26.445,34.289,34.528,27.848,21.722,25.133,23.453,29.572,21.852,22.157,23.601,22.212,23.462,24.245,22.137,27.463,52.023,384.337,1803.004,4552.733,7116.108,6506.437,3699.66,1234.588,188.258,40.548,25.149,20.777,6.956,10.586,7.208,9.574,18.254,9.77,8.926,2.667,22.256,4.913,4.695,1.803,6.048,-0.687,5.299,8.814,4.603,15.132,5.652,6.195,-3.019,1.141,2.926,1.11,-1.83,3.862,2.125,-4.722,0.977,-6.913,1.244,-5.162,-5.29,
265.0,-6.146,-9.439,7.803,16.524,20.752,1122.997,10264.502,31517.24,30018.781,9573.355,806.606,34.099,23.385,31.849,17.435,17.666,14.367,18.666,12.308,26.033,48.931,41.188,25.828,16.287,12.297,10.888,14.678,16.269,17.928,24.951,22.207,32.255,30.939,31.681,35.596,36.282,48.243,46.115,42.359,48.98,40.853,52.599,50.648,48.696,46.501,57.363,55.971,54.672,49.875,57.678,49.5,57.503,51.835,50.524,46.149,55.954,47.405,48.879,44.776,50.347,44.95,48.714,43.655,42.76,42.917,40.456,35.19,38.559,40.284,30.918,36.022,32.413,32.828,30.472,34.105,36.191,35.327,31.978,31.783,38.756,27.926,37.118,29.83,31.584,29.116,30.185,33.746,28.484,29.202,31.382,31.092,33.129,33.668,30.914,32.139,35.185,39.323,33.382,36.275,37.217,30.721,34.701,32.04,29.6,32.782,32.824,32.551,28.872,32.69,33.972,32.089,28.461,31.912,27.257,32.74,30.785,31.714,28.236,33.644,21.34,24.523,25.451,20.104,21.576,21.963,19.937,28.879,24.682,26.007,23.024,25.045,25.025,23.177,18.432,18.892,27.033,73.466,483.548,2130.433,5285.677,7504.421,6494.47,3173.599,943.208,142.43,26.709,14.423,11.498,8.768,11.007,15.86,10.017,14.05,10.647,7.473,6.384,5.199,4.017,6.291,8.757,7.215,1.862,3.52,6.672,6.927,7.585,16.863,9.471,3.798,5.159,6.727,2.398,1.462,-4.554,-1.547,-2.631,
270.0,-16.073,-6.587,-11.825,-7.676,-1.017,12.02,8.76,124.995,3450.299,19905.749,35423.466,19197.812,3608.164,166.532,25.71,25.656,27.712,21.083,24.13,16.331,18.491,26.669,44.435,49.25,48.029,42.046,31.41,27.25,28.944,30.629,39.541,39.856,39.233,36.133,44.342,48.749,51.547,65.821,64.466,66.011,67.951,76.537,61.678,63.4,73.51,68.638,76.454,74.053,68.711,67.296,64.188,60.665,67.358,68.162,64.141,62.04,61.93,59.719,56.508,51.916,54.262,53.175,47.687,43.188,45.572,38.487,45.93,46.333,42.349,44.348,39.648,35.722,39.163,34.643,31.451,36.858,30.608,31.299,33.699,31.117,34.398,31.16,31.933,29.128,34.436,29.576,31.706,30.524,32.893,34.288,31.591,31.083,27.082,35.251,34.382,28.937,32.234,28.637,33.206,34.169,33.944,32.482,34.671,31.798,33.796,31.322,29.171,34.366,34.138,34.219,32.628,27.378,27.056,25.506,24.526,26.759,27.752,26.432,31.709,24.798,29.151,22.28,19.817,27.437,27.021,24.652,21.04,23.644,23.102,20.911,23.585,17.069,20.614,21.462,19.05,23.352,21.687,21.268,24.094,21.808,20.475,63.328,537.991,2048.152,5018.504,7882.246,6968.482,3807.799,1047.871,155.149,27.665,16.079,15.442,20.525,11.475,3.309,5.138,9.731,12.439,8.381,3.865,5.837,4.053,5.992,7.888,8.953,3.893,6.674,7.857,7.973,14.291,14.952,13.233,10.256,11.286,3.426,
275.0,-18.823,-12.544,-6.001,1.003,-3.836,7.532,-3.069,11.692,20.81,34.263,735.653,10749.505,25681.38,24322.781,7900.346,727.659,35.335,29.711,32.17,22.132,33.303,32.108,25.677,36.016,40.112,59.566,64.967,61.033,54.209,47.973,46.174,53.371,50.976,43.199,55.696,62.406,65.981,61.979,69.366,67.179,72.512,67.764,85.825,72.75,81.923,75.428,79.529,82.276,76.897,76.284,74.386,72.881,78.629,64.241,71.662,74.772,69.125,61.888,65.605,60.9,60.769,51.775,52.091,58.746,45.254,46.285,45.065,45.542,50.246,38.604,42.031,37.608,34.838,36.813,34.477,33.562,36.647,40.973,36.183,38.422,31.822,33.631,33.303,30.437,32.508,31.4,34.57,36.56,26.517,32.643,32.477,29.14,30.378,35.441,30.641,34.382,32.005,32.457,28.707,33.35,29.43,30.07,31.952,25.653,29.249,29.702,33.058,32.649,25.249,27.362,33.266,29.306,26.789,27.057,28.523,28.568,26.749,29.496,29.974,27.203,26.793,23.948,26.65,22.073,20.981,19.977,18.604,22.203,18.459,24.18,23.541,19.451,23.702,19.428,19.817,18.28,19.27,16.791,13.34,15.181,16.974,14.637,17.305,14.076,19.808,22.513,96.425,572.345,2454.155,5835.851,8045.021,6714.183,3286.955,962.6,134.575,24.156,15.957,12.587,13.965,13.278,6.433,10.638,12.315,11.663,8.032,9.418,7.989,3.91,5.945,6.835,6.64,1.563,16.061,3.501,4.601,3.697,
280.0,-0.277,-8.219,-6.243,-1.08,-4.74,7.107,0.328,6.513,1.927,10.374,18.893,23.69,157.163,4053.241,19034.636,19459.809,15514.508,2195.993,91.323,36.561,35.415,40.472,34.125,36.88,36.855,42.642,52.071,55.881,60.08,70.725,82.706,65.457,56.571,64.802,65.78,75.353,70.594,81.135,79.634,86.682,86.587,86.761,89.263,88.494,94.997,90.333,100.475,88.342,87.896,89.01,87.712,93.756,82.213,85.275,75.632,75.655,68.384,79.237,74.051,75.503,66.49,66.972,62.477,62.257,54.183,55.885,53.628,50.761,51.637,51.553,42.48,48.672,44.702,46.166,39.48,41.849,40.113,37.612,37.327,34.849,39.445,33.263,29.039,36.148,35.517,33.387,32.09,37.543,32.926,31.847,31.671,30.276,31.257,30.28,30.933,34.506,30.129,32.452,30.603,32.578,32.18,29.337,31.122,29.262,31.339,30.164,24.723,26.884,30.354,29.257,27.434,31.438,22.269,25.792,23.166,26.659,23.087,29.685,23.156,23.846,22.645,25.923,28.274,26.085,21.384,21.748,23.661,19.892,21.344,20.981,17.573,17.226,19.917,19.542,17.341,19.366,16.216,13.66,14.939,11.907,17.371,14.103,15.887,14.814,9.058,14.856,14.422,17.845,17.738,15.594,24.799,130.408,892.071,2952.135,6255.771,8277.027,6744.491,3308.421,877.962,120.865,22.189,14.838,13.932,15.006,12.697,15.476,10.137,6.466,9.893,10.508,12.5,8.021,11.568,7.896,6.49,10.278,
285.0,-14.081,-14.644,-11.582,-1.365,-2.309,6.263,2.964,-0.701,6.75,11.022,16.039,9.683,22.995,20.636,41.626,722.089,9904.956,15738.192,15225.58,7815.065,584.093,49.968,35.925,49.182,49.006,40.926,43.636,46.905,54.741,49.665,53.838,69.738,75.949,84.362,83.63,75.736,74.951,75.765,84.04,85.148,82.953,84.547,91.762,99.806,93.487,92.097,93.085,89.075,96.298,87.583,90.199,90.807,84.839,87.033,74.762,81.265,78.875,76.116,72.147,76.946,64.189,63.483,66.778,65.056,59.67,58.206,49.82,50.681,55.115,47.768,51.887,49.347,44.715,41.585,46.679,47.649,38.279,40.255,42.351,38.313,41.642,37.126,32.452,38.359,35.51,33.68,33.295,33.311,30.079,30.114,32.114,30.67,29.507,27.649,29.634,30.22,31.99,30.875,29.875,27.388,25.53,26.466,29.376,29.798,28.495,25.439,26.121,29.446,26.074,24.443,25.276,24.377,28.67,23.908,25.826,24.868,22.782,27.186,24.321,22.648,24.037,22.855,22.084,21.313,18.269,20.458,20.29,22.104,18.902,18.775,18.499,14.174,17.665,14.229,18.221,16.017,13.866,12.033,16.243,16.147,13.536,15.722,13.177,13.91,12.382,12.046,17.043,13.76,15.765,13.494,12.242,10.913,11.205,13.378,12.985,25.384,109.404,710.451,2637.651,5974.916,8542.52,7433.653,3987.889,1259.201,166.706,27.717,15.237,12.728,13.418,12.786,12.213,14.008,13.802,14.374,12.003,9.972,
290.0,-17.138,-10.845,-10.257,-10.5,-4.508,-4.243,2.742,3.03,2.979,8.72,3.52,1.891,4.351,11.902,15.336,20.857,27.351,206.148,3920.475,13186.95,12875.02,12570.047,2013.753,99.879,40.512,42.853,40.356,37.392,38.438,42.736,52.911,48.103,55.184,57.056,68.21,77.517,86.447,80.9,76.41,78.41,82.874,85.35,84.285,85.513,87.916,89.432,88.54,82.788,75.685,89.602,81.808,82.102,82.421,83.506,82.424,75.767,78.223,76.395,69.465,69.077,67.467,63.115,68.744,62.72,58.628,61.996,55.03,55.104,54.324,53.966,49.053,50.143,45.312,44.392,42.189,46.545,39.212,39.795,39.858,40.855,36.4,38.03,38.577,37.215,41.496,37.69,32.521,34.662,32.202,34.183,35.871,32.014,27.733,32.556,33.389,29.491,29.377,29.687,31.306,29.199,27.858,28.139,26.937,32.09,26.578,29.036,26.515,23.873,26.672,25.438,25.219,27.45,23.782,22.947,20.76,21.15,23.543,22.831,23.596,21.689,17.425,20.711,20.931,21.758,19.395,18.431,20.731,18.794,19.275,17.212,14.778,12.95,17.06,13.768,13.199,13.214,16.196,13.405,14.113,17.192,9.956,14.864,12.961,13.249,7.217,9.778,11.264,9.15,7.104,8.324,13.566,11.182,7.698,11.297,10.4,9.714,7.419,12.996,14.568,14.281,21.783,139.046,834.778,2873.351,6613.514,8899.256,7697.369,3800.182,1009.777,144.213,18.123,13.652,11.572,11.617,6.479,7.996,
295.0,-14.953,-16.267,-7.949,-9.592,-9.692,-7.131,-5.346,-2.843,-1.035,5.153,4.606,8.292,7.905,5.019,9.279,12.4,19.4,19.928,24.666,52.056,1124.45,10044.825,11058.434,10842.003,7624.39,433.527,35.56,36.442,35.928,38.829,34.252,34.873,37.506,32.156,41.221,42.435,47.121,53.1,68.264,65.606,64.104,61.876,58.966,60.925,62.523,59.335,61.765,64.284,56.749,56.936,61.339,61.184,56.666,59.907,64.839,57.525,58.376,54.064,56.614,56.906,49.96,51.335,55.108,51.007,52.621,49.838,48.219,49.661,45.451,40.629,40.015,44.604,40.809,40.121,43.052,38.436,37.134,36.757,35.993,38.077,40.714,32.966,34.364,33.647,35.158,30.945,32.095,29.457,32.882,27.92,29.384,31.364,29.873,29.548,30.053,31.2,26.421,28.438,28.763,27.287,31.479,31.128,25.419,26.983,23.526,27.289,26.491,22.76,27.077,23.488,22.354,22.046,25.3,24.073,21.694,22.666,20.334,18.665,23.799,20.517,21.417,20.572,18.73,16.548,21.673,18.107,14.437,19.098,13.376,14.383,16.474,15.198,15.77,14.551,13.249,14.924,14.242,14.639,11.481,12.011,12.498,9.754,10.175,11.46,9.819,8.257,8.026,8.218,12.667,7.65,7.817,6.694,5.927,8.002,7.662,7.487,9.047,8.456,7.918,6.972,8.418,7.039,6.962,9.641,11.682,30.174,166.877,960.329,3448.595,6869.104,8791.849,6881.594,3415.273,920.672,113.148,16.936,
300.0,-17.037,-13.32,-7.645,-8.0,-7.818,-5.288,-4.346,-6.412,-5.371,0.381,-1.276,5.059,4.368,3.338,5.55,11.519,9.831,10.285,12.728,19.667,19.553,22.411,191.999,3229.301,9345.334,9157.106,8942.824,2848.582,99.666,32.041,28.616,31.901,25.606,22.451,25.869,33.47,35.246,37.518,34.633,37.444,45.784,54.483,56.743,53.454,47.636,43.712,44.487,47.86,45.961,46.108,43.559,45.3,51.324,51.114,48.461,45.548,49.373,42.562,48.627,44.379,44.3,44.248,43.355,43.119,43.366,41.922,44.246,44.292,42.387,41.901,40.131,40.068,40.48,33.472,39.502,39.202,36.295,37.364,36.171,34.772,35.837,35.048,35.97,32.251,34.07,34.523,32.158,31.58,31.702,31.049,32.996,33.877,29.99,31.024,31.336,30.32,29.895,29.063,27.396,27.42,27.082,26.499,27.886,27.284,24.3,25.853,26.219,25.933,20.841,20.735,23.167,24.334,22.925,20.179,22.374,20.353,19.891,20.636,19.677,17.835,19.09,22.43,17.213,14.199,16.878,16.026,15.68,15.646,14.833,11.997,11.982,12.739,11.825,15.919,11.018,13.316,11.284,10.055,12.763,10.437,7.806,11.12,7.286,9.434,8.377,10.028,7.146,5.958,6.133,10.827,8.353,7.397,6.289,8.033,6.933,4.501,7.945,5.438,5.659,5.722,5.03,7.821,5.735,6.694,5.238,7.836,9.881,6.832,11.033,9.364,22.84,164.058,824.791,2793.484,6369.93,8494.103,
305.0,-10.817,-10.799,-9.287,-6.918,-5.692,-5.76,-3.46,-3.036,-5.292,-1.761,-2.397,-2.296,-0.695,3.719,5.36,5.967,8.183,9.638,7.403,8.055,11.759,17.894,18.316,21.901,38.016,1004.931,7290.097,7685.056,7518.418,5844.987,406.034,29.849,26.633,24.218,28.973,24.041,25.809,33.657,27.342,29.206,29.987,30.57,31.619,41.369,46.682,52.729,48.921,40.014,37.142,38.034,34.965,36.698,40.26,39.748,36.316,38.906,38.185,39.844,36.903,37.596,37.882,37.594,40.775,39.323,39.181,38.972,39.213,36.507,39.213,38.296,38.653,42.744,36.908,34.268,34.837,35.254,35.771,34.282,35.645,36.619,39.489,30.377,36.15,33.075,39.154,35.784,33.12,31.988,31.245,31.947,30.381,29.41,33.409,31.269,28.817,30.377,30.876,28.407,28.023,28.818,28.753,27.055,24.252,26.124,23.257,26.246,23.818,23.393,22.357,21.987,22.477,22.507,20.986,22.328,20.418,20.487,19.245,17.648,20.317,16.931,17.533,15.48,17.227,15.434,15.496,13.158,17.008,15.977,14.409,13.636,13.814,14.607,11.85,14.14,11.061,9.725,11.378,10.427,9.14,9.669,9.568,7.823,8.043,8.324,8.123,7.846,7.291,6.535,6.107,7.429,5.756,7.67,6.043,6.876,5.296,6.025,6.847,5.522,5.657,4.228,4.535,5.097,4.331,7.703,5.295,7.171,4.547,4.854,5.565,6.1,6.633,4.987,8.852,10.439,10.411,32.676,
310.0,-9.583,-8.572,-5.402,-2.773,-5.656,-3.234,-4.442,-3.937,-2.223,-4.367,-0.554,-3.443,-0.406,1.999,1.724,4.677,6.256,5.333,4.911,7.427,9.943,7.083,11.646,14.238,15.524,20.646,21.744,125.994,3527.171,6451.174,6296.111,6197.254,2160.32,76.27,27.447,30.0,30.94,26.869,26.833,22.01,24.197,25.166,27.765,30.652,30.487,29.6,32.363,36.241,42.684,39.551,35.081,31.37,32.125,31.316,35.525,32.419,30.569,34.506,33.019,34.445,33.438,35.992,35.215,36.71,39.138,40.129,36.241,36.622,35.564,35.874,34.429,37.998,35.641,35.768,36.676,39.185,34.414,36.185,33.501,34.701,35.428,32.813,34.931,32.56,32.985,36.379,35.041,36.197,33.786,33.355,30.771,29.63,29.769,30.009,28.351,28.52,27.071,30.995,26.639,26.559,29.278,26.808,26.237,29.001,28.36,25.601,24.123,25.213,25.64,26.274,21.504,22.252,21.21,19.166,21.006,19.872,19.674,20.028,17.23,18.692,19.877,15.689,16.48,14.158,14.914,16.284,16.315,13.924,12.887,16.036,14.23,13.51,12.195,15.197,11.602,10.773,11.292,12.325,10.472,10.269,10.405,9.044,10.737,9.152,9.104,7.701,8.566,6.769,5.162,5.157,5.231,5.164,5.061,5.416,5.343,4.371,3.579,4.727,4.385,6.172,4.284,5.97,4.42,3.17,5.827,3.362,4.837,4.346,3.266,4.829,6.63,6.205,4.545,4.265,4.984,8.209,
315.0,-6.691,-2.646,-3.775,-3.749,-2.683,-4.344,-2.766,-2.478,-3.718,-2.18,-2.0,-2.796,-2.238,-1.265,-0.569,-0.654,0.712,2.898,6.41,3.296,4.43,5.392,5.623,7.806,8.938,10.939,13.444,16.285,18.021,25.753,445.083,4876.684,5228.848,5144.827,4827.046,610.807,35.305,26.841,27.703,26.902,24.554,24.495,23.424,25.168,24.638,24.945,26.086,25.621,24.534,26.375,30.371,36.42,33.48,30.175,27.822,28.036,29.105,27.581,28.912,28.561,31.576,31.971,32.758,32.395,32.973,33.062,33.765,34.327,33.551,32.227,31.402,34.581,34.285,34.989,37.12,33.725,32.245,36.958,32.491,32.816,34.382,36.263,32.837,34.381,35.422,32.526,31.81,31.613,31.553,32.062,29.432,30.452,29.742,28.346,29.07,28.618,31.141,26.81,26.519,28.625,26.598,24.306,25.611,24.848,23.373,23.661,23.467,22.794,24.381,23.377,23.398,20.902,19.0,21.561,19.682,20.411,18.642,17.522,16.111,17.594,16.782,16.761,16.8,15.367,14.534,14.489,14.81,14.238,12.936,14.688,12.461,12.071,13.743,11.319,12.142,10.643,9.584,9.775,10.762,9.147,10.509,10.818,7.416,9.732,7.161,7.342,6.383,6.173,7.183,6.761,6.413,6.213,5.836,5.104,5.907,5.706,5.986,2.887,4.272,5.42,3.482,4.43,4.228,2.785,4.159,3.099,4.019,3.555,2.65,3.88,4.592,4.232,4.287,3.495,5.733,4.363,
320.0,-5.206,-5.481,-5.81,-4.913,-4.966,-5.162,-3.152,-2.011,-3.964,-2.067,-1.931,-1.954,-1.605,-1.047,-1.787,-1.397,-0.519,-0.3,1.788,2.326,2.69,4.378,5.607,5.938,3.967,7.532,7.783,10.517,13.283,14.46,13.541,20.574,109.068,2260.559,4534.828,4445.455,4377.962,1693.843,68.53,22.978,23.598,21.748,21.363,20.017,17.555,18.111,20.95,18.587,20.32,18.162,17.496,22.189,24.342,27.195,31.254,31.386,26.568,27.217,24.24,23.412,24.819,25.139,27.094,29.93,26.605,29.044,28.138,28.928,31.46,31.691,28.132,29.409,31.751,30.555,29.714,30.648,32.35,32.793,33.428,31.105,33.092,33.39,34.439,32.305,29.699,31.49,30.165,31.288,31.457,31.218,30.289,29.899,28.62,28.081,28.67,28.904,26.744,26.72,28.781,27.476,26.448,25.313,24.975,24.644,23.502,26.68,24.167,23.477,25.039,22.549,21.655,22.824,22.235,21.298,20.039,18.137,20.887,19.056,19.008,16.552,15.992,15.481,15.599,16.345,15.818,16.033,13.546,14.896,11.223,14.082,10.708,12.19,10.537,11.155,11.496,10.96,12.033,10.312,11.086,10.097,9.393,8.334,8.543,8.143,7.5,7.816,7.189,8.277,7.422,7.382,6.566,4.199,5.021,4.958,5.307,5.074,3.364,4.672,4.754,5.236,3.805,4.327,4.335,4.594,4.036,4.202,5.544,3.065,3.913,3.497,4.362,3.86,3.331,5.137,3.34,7.155,
325.0,-7.511,-4.889,-5.478,-4.156,-3.755,-1.677,-2.783,-2.819,-2.212,-2.802,-1.35,-2.294,-2.013,-1.867,-1.572,-1.613,-0.98,-0.473,-0.154,0.608,0.334,2.106,2.4,4.175,3.977,3.693,5.972,7.002,5.855,7.987,9.961,12.111,12.908,17.4,24.505,323.435,3743.397,3879.439,3824.143,3732.167,374.349,25.746,18.829,16.358,15.485,14.612,13.893,16.184,14.121,12.382,12.515,16.652,15.72,15.436,14.875,19.471,22.955,26.489,28.121,24.776,23.388,21.383,23.426,24.376,26.236,23.715,24.489,24.631,25.664,28.208,27.671,28.27,28.953,28.783,25.355,28.678,26.825,28.227,29.977,29.235,30.285,31.926,30.646,32.571,31.399,31.173,28.655,28.539,28.263,28.287,30.234,27.189,29.202,27.054,28.257,30.288,28.133,26.729,26.167,25.873,24.227,27.868,24.872,26.17,24.481,25.545,23.479,21.988,23.324,24.243,23.35,20.015,19.888,20.592,21.042,19.27,20.647,19.774,19.14,17.294,15.983,16.787,16.675,15.581,16.816,15.394,15.081,14.232,15.34,14.423,12.052,12.124,10.605,12.395,10.315,8.479,10.294,9.258,11.294,9.932,8.397,9.634,9.215,9.61,6.583,7.294,8.01,6.844,8.287,5.341,6.897,5.62,8.196,6.567,5.887,5.941,5.163,3.599,4.461,3.52,4.914,4.293,4.357,4.315,4.176,4.11,4.134,4.131,5.371,2.835,4.144,3.181,2.865,3.839,4.43,3.223,
330.0,-4.357,-4.635,-3.145,-1.013,-2.754,-2.139,-2.993,-1.412,-2.281,-2.544,-1.849,-1.096,-1.805,-1.196,-1.039,-1.607,-0.527,-0.588,0.242,-1.172,0.332,0.416,-0.276,1.729,2.762,4.862,4.05,3.915,5.277,5.382,6.305,8.204,7.729,8.547,13.906,13.24,15.151,71.991,1588.157,3439.497,3392.927,3340.35,1779.804,67.314,17.254,15.929,14.697,14.15,12.362,12.655,11.726,11.377,11.584,12.524,14.624,14.988,13.456,14.015,16.465,19.985,22.657,28.432,26.066,21.324,19.266,21.868,22.974,21.342,22.202,23.806,22.683,26.618,25.463,24.686,27.007,28.417,27.649,26.761,27.528,28.406,28.22,27.198,26.947,30.334,29.783,26.843,26.743,28.446,26.855,26.733,30.366,27.347,25.525,28.813,25.364,29.55,28.879,27.82,25.486,26.843,27.344,25.836,24.3,25.413,23.813,22.664,23.366,23.695,22.482,21.962,20.783,22.079,20.046,19.809,20.517,18.984,19.364,18.275,16.555,17.47,16.833,15.402,15.818,16.357,16.002,16.134,12.427,13.328,12.306,11.759,13.71,11.87,12.2,12.103,9.232,10.261,11.014,10.564,10.47,10.694,10.432,9.389,9.148,10.01,7.927,7.828,7.859,6.603,7.298,7.878,6.688,6.264,6.22,5.355,6.374,6.342,4.777,5.787,5.37,5.273,4.065,4.763,4.43,3.157,4.7,3.841,3.625,3.632,4.314,3.646,4.037,1.929,3.733,2.997,2.776,3.05,
335.0,-6.456,-6.639,1.105,-2.032,-3.172,-2.845,-2.009,-1.919,-2.791,-1.522,-1.452,-1.568,-1.222,-1.384,-1.956,-0.412,-1.442,-0.542,-0.504,-0.689,-0.36,-0.297,0.045,0.29,0.278,1.048,1.499,3.577,3.784,4.691,5.015,4.71,4.907,5.568,6.764,8.483,11.512,11.161,14.164,19.694,511.06,3042.338,3042.905,3003.42,2967.296,245.116,16.913,14.596,13.102,13.898,11.215,10.755,10.394,11.117,12.073,12.058,11.922,13.058,13.73,12.685,15.32,14.951,19.261,22.009,22.893,23.089,21.325,21.867,20.2,20.493,18.251,22.446,22.438,21.326,21.559,22.101,24.048,24.871,25.885,24.655,25.725,24.64,25.248,25.193,25.016,26.709,27.07,26.655,27.17,25.892,26.282,25.699,27.523,26.454,25.891,24.938,23.915,25.096,26.381,25.907,26.786,25.635,24.693,25.64,22.783,23.94,23.102,21.442,22.314,22.166,21.382,21.591,19.683,20.835,20.674,20.812,19.083,18.514,16.68,17.895,16.763,16.373,15.607,17.116,14.894,15.282,13.092,14.424,14.059,13.346,12.163,12.914,11.43,11.565,12.081,10.728,10.442,11.613,10.455,10.045,9.134,8.647,8.517,9.086,8.061,6.879,8.89,6.551,6.721,7.585,6.803,5.051,6.897,4.729,5.104,5.828,5.446,6.281,3.953,4.019,4.989,4.657,3.63,4.36,4.296,4.299,3.476,3.069,3.801,4.036,3.178,3.827,3.295,4.399,2.85,3.583,
340.0,-5.709,-4.203,-2.738,-3.323,-2.671,-2.509,-2.24,-1.921,-2.543,-1.388,-0.339,-0.719,-0.98,-1.198,-1.666,-1.143,-0.78,-0.365,-0.49,-0.356,-1.099,-0.561,-1.007,-0.624,-0.759,-0.09,-0.038,0.978,1.29,2.604,2.857,3.997,3.806,4.453,5.413,5.175,6.679,8.33,8.758,9.293,11.36,12.641,59.635,1653.951,2752.023,2720.175,2687.787,1485.58,41.535,14.203,11.803,11.213,12.282,9.518,10.541,9.994,10.553,12.46,12.042,12.234,13.067,12.656,12.852,14.116,13.971,16.449,20.931,23.981,21.643,21.127,18.874,18.323,18.009,19.453,20.777,18.508,21.418,23.004,21.788,22.582,24.182,24.343,24.254,23.544,23.169,24.059,22.532,23.092,25.047,24.999,24.929,26.066,24.226,25.598,24.529,26.104,25.409,25.774,25.508,25.747,24.052,24.737,24.409,24.917,24.212,24.291,23.324,24.799,23.628,22.865,22.081,21.232,22.088,20.362,22.042,19.805,18.541,18.714,17.515,16.087,17.368,17.364,15.785,15.546,16.034,15.349,14.906,13.844,13.56,12.232,11.401,12.754,11.76,11.65,10.46,12.185,11.271,11.027,9.405,9.276,9.983,9.291,8.84,9.463,8.719,8.5,7.51,7.177,6.564,7.607,7.485,6.652,6.038,6.814,5.414,4.018,5.039,6.257,5.489,3.491,3.655,4.488,5.407,4.653,4.448,3.622,4.763,2.345,2.781,2.702,3.47,2.761,2.844,3.655,3.317,2.627,
345.0,-4.286,-3.099,-1.836,-3.123,-2.441,-3.085,-2.166,-2.054,-1.134,-0.627,-2.208,-0.098,-1.262,-1.341,-0.463,-0.691,-0.819,-0.877,-1.089,-0.636,-0.433,-0.648,-0.13,-0.643,-0.957,0.021,-0.59,0.094,0.594,0.664,1.141,2.856,3.077,3.773,3.321,4.279,4.688,5.178,5.831,6.569,8.903,10.685,11.543,11.834,15.954,449.864,2502.785,2475.683,2446.027,2294.873,206.785,15.17,11.073,12.217,12.192,9.155,10.298,8.459,9.429,9.726,10.779,11.254,11.453,11.145,12.194,13.526,13.696,13.579,16.121,19.322,21.636,20.942,19.934,20.284,20.042,18.832,20.009,20.033,20.027,20.001,21.939,22.171,20.537,21.921,23.429,23.308,23.346,24.289,22.456,23.353,23.92,23.534,25.713,24.433,23.922,24.102,25.23,25.422,25.663,25.665,24.52,23.254,24.147,23.861,24.176,23.803,25.077,22.779,22.497,22.473,22.246,21.634,21.49,20.461,18.979,17.808,18.787,17.709,17.09,16.988,17.088,16.946,16.591,16.201,15.166,15.03,13.648,14.171,15.499,14.959,12.834,13.855,13.721,13.095,11.688,11.346,11.329,10.199,8.264,10.242,9.742,9.755,10.004,8.756,8.475,8.638,8.519,7.701,7.374,7.23,7.237,7.015,4.393,6.551,6.041,5.591,4.432,5.334,4.585,5.201,4.334,4.532,4.195,3.752,3.555,3.873,3.983,3.267,3.412,2.875,3.824,2.316,3.164,3.95,3.201,3.149,
350.0,-4.589,-5.107,-1.649,-1.881,-1.763,-1.198,-1.642,-1.469,-1.248,-1.728,-1.012,-1.605,-1.416,-0.724,-1.545,-0.401,-0.974,0.109,-0.74,-0.83,-0.572,-0.837,-0.431,-0.084,-0.496,-0.342,0.264,1.184,0.157,0.169,0.497,0.535,1.146,1.558,3.036,2.853,3.915,4.065,3.448,4.157,5.045,4.693,7.71,7.311,9.361,10.083,10.405,79.257,1882.095,2259.834,2226.266,2202.243,750.763,25.456,11.65,11.919,10.496,9.82,9.407,8.675,8.788,9.374,10.34,10.596,11.026,11.778,10.157,11.164,12.761,12.803,13.639,15.873,16.596,21.035,21.258,19.946,17.916,16.256,18.92,18.546,18.274,18.156,19.481,19.153,20.905,20.068,19.995,22.967,21.873,22.472,21.958,21.597,23.001,24.069,23.826,21.626,22.811,24.021,23.007,23.388,24.248,23.12,23.165,24.185,24.188,22.126,24.802,22.391,21.868,22.25,21.01,21.069,21.466,18.829,20.767,19.659,18.201,19.459,16.802,17.13,18.23,16.827,16.329,14.284,13.645,15.556,14.711,15.015,14.802,13.741,12.362,12.697,13.312,12.426,11.905,11.149,11.898,10.43,10.075,9.914,9.784,9.426,9.082,9.134,8.227,7.829,8.977,7.22,6.336,6.618,6.682,5.644,6.673,4.533,5.638,5.438,5.601,4.137,5.305,5.246,4.136,3.672,3.42,3.477,4.123,3.209,3.931,2.651,3.429,4.118,3.708,2.257,3.756,2.178,3.161,3.868,
355.0,-5.125,-1.216,-2.019,-1.943,-1.577,-1.221,-1.039,-0.434,-1.533,-1.085,-1.446,-1.489,-0.878,-1.474,-0.564,-0.75,-0.53,-0.628,-0.365,-0.084,-0.329,0.053,0.247,0.554,-0.073,0.214,0.261,0.436,0.728,0.164,0.77,1.035,1.506,1.009,2.198,1.824,2.585,3.054,4.265,2.806,4.319,4.001,4.206,5.281,6.138,7.061,7.376,8.257,10.59,18.442,378.913,2059.002,2025.357,1996.409,1896.625,177.145,12.45,11.051,10.547,10.202,9.857,8.609,8.772,7.669,9.119,8.058,9.96,9.533,10.633,12.078,10.954,10.998,11.932,12.087,13.767,15.308,17.775,19.308,18.11,18.159,15.893,15.594,16.825,18.261,17.479,17.204,18.289,19.371,19.814,19.438,21.15,19.308,22.174,19.491,22.322,22.612,23.153,22.079,22.901,20.627,21.621,21.477,22.948,23.183,22.109,21.789,20.955,21.059,21.633,21.058,20.211,19.403,20.292,20.48,18.723,17.536,18.132,17.733,16.784,18.097,17.078,17.399,17.447,15.025,15.147,14.932,15.457,11.825,13.494,12.43,13.35,11.897,12.162,11.223,11.221,11.084,10.168,9.227,9.765,9.311,9.339,10.019,8.051,8.887,8.002,7.051,8.15,9.111,7.99,6.933,6.179,6.747,6.423,5.766,6.766,5.652,6.018,4.09,4.497,5.311,4.27,4.642,4.432,4.045,2.852,3.818,3.82,3.051,3.83,2.742,3.784,1.872,2.242,2.702,4.234,2.649,
360.0,-0.959,-1.159,-0.155,0.046,-0.344,-0.248,0.158,-0.192,-0.746,-0.498,-0.703,-0.754,0.116,0.686,0.45,0.545,0.415,0.477,1.444,1.45,1.517,1.271,0.696,1.173,0.351,1.229,0.768,1.236,0.824,0.812,1.261,1.33,1.391,0.717,0.89,1.727,2.025,1.859,3.124,3.09,3.369,3.092,4.239,4.144,4.54,5.404,5.85,6.812,7.2,7.897,9.539,11.363,87.785,1560.499,1868.662,1851.394,1832.228,830.076,33.967,10.15,10.778,9.365,9.509,9.099,8.185,8.573,8.397,8.131,7.903,9.091,10.588,9.476,10.824,9.473,9.12,10.965,12.022,13.878,14.1,16.129,17.6,17.272,15.847,16.231,15.137,17.605,16.233,16.662,17.273,18.578,17.162,18.398,18.877,18.8,19.719,20.516,21.802,21.471,19.756,20.073,21.446,21.487,20.966,20.179,21.757,19.7,20.039,21.551,20.403,21.472,20.471,20.081,18.927,18.061,17.085,18.904,18.787,18.014,17.781,16.865,16.433,16.354,15.997,14.639,14.503,14.56,14.173,12.766,13.999,15.081,12.601,13.092,11.54,11.849,12.188,10.352,10.58,9.884,10.372,8.81,10.585,8.419,9.249,7.764,7.511,8.536,7.953,6.457,6.483,6.82,6.839,5.784,5.564,5.841,5.934,5.103,4.538,5.247,4.158,4.538,4.345,4.059,4.127,4.541,3.648,3.671,2.742,3.235,3.802,2.883,2.279,3.688,2.018,1.95,2.141,2.807,
365.0,-1.388,-0.08,-0.312,-0.274,0.441,0.81,-0.185,0.6,0.324,0.192,0.202,1.134,0.693,0.201,1.073,0.616,1.804,0.28,0.379,0.269,0.123,0.726,1.071,0.189,0.55,0.265,0.304,1.047,0.681,0.137,0.931,0.475,0.938,0.579,0.829,1.054,1.449,0.933,0.808,1.206,1.718,2.879,3.242,3.068,4.277,3.812,3.747,3.594,4.954,6.122,6.566,6.229,7.753,7.067,17.64,520.101,1753.101,1737.913,1723.415,1679.688,135.059,12.703,10.029,9.91,8.168,7.995,6.352,7.765,6.847,7.143,7.641,8.593,7.705,8.651,8.355,9.226,8.185,9.14,9.799,10.765,10.981,14.153,14.725,16.291,15.492,16.739,15.03,15.405,15.186,16.384,16.456,16.624,16.156,16.855,17.013,18.493,19.534,18.228,18.744,18.658,19.751,20.276,19.695,20.021,19.941,19.561,19.011,19.491,19.577,18.734,18.359,18.619,18.835,17.819,17.859,16.37,16.811,17.363,15.428,16.115,14.665,15.683,16.104,14.954,16.631,14.138,12.958,14.233,12.798,13.255,11.832,12.448,12.502,11.443,9.5,9.758,9.76,10.203,10.223,9.541,9.936,10.758,8.679,8.255,7.527,8.121,8.394,7.666,6.587,6.648,5.976,5.177,5.682,6.346,4.884,5.017,4.928,4.961,3.3,4.663,3.76,3.929,3.985,3.556,3.024,3.592,3.751,1.853,3.562,2.959,2.616,2.996,1.852,2.651,2.035,1.73,
370.0,0.939,-0.921,-0.577,-1.398,-0.204,-0.405,-1.436,-1.221,-0.448,-0.855,-0.455,-0.273,-0.719,-0.871,0.014,-0.485,-0.866,-0.707,0.171,-0.481,-0.583,-0.392,-0.42,-0.84,-0.538,-0.517,-0.419,-0.204,-0.146,0.355,0.155,-0.392,-0.139,-0.148,0.072,0.109,0.001,0.311,0.127,-0.019,0.678,1.169,1.899,2.197,2.309,2.724,2.433,3.299,3.477,3.722,4.834,4.74,5.032,6.906,7.612,6.124,8.335,61.85,1216.383,1624.897,1610.336,1594.028,1047.588,32.011,8.552,8.358,8.588,7.105,7.084,6.098,6.022,5.927,7.187,6.803,7.647,8.619,7.912,7.681,8.663,8.692,9.418,10.651,10.895,10.378,12.582,13.322,15.3,15.407,15.107,16.016,14.816,14.48,15.563,14.132,15.192,14.392,17.326,16.762,16.209,17.229,17.174,17.686,17.364,18.663,16.646,18.881,19.736,18.567,17.212,18.761,18.062,17.804,17.376,16.741,16.497,16.049,16.087,16.992,15.696,15.193,15.624,16.05,14.312,13.968,14.397,14.519,13.545,13.037,12.898,12.514,11.29,11.604,11.657,11.011,11.499,10.881,9.605,10.663,9.326,9.294,10.005,9.139,9.078,8.338,7.891,7.777,7.401,7.083,7.378,6.812,7.148,6.663,5.529,6.941,5.895,5.745,4.557,4.254,4.568,4.079,4.269,3.374,3.591,4.057,4.097,3.631,3.644,3.191,3.536,2.85,2.426,3.026,3.681,2.391,2.758,2.242,
375.0,-2.731,-1.505,-2.089,-2.48,-1.088,-0.522,-0.804,-1.536,-1.135,-0.767,-1.175,-1.51,-0.769,-0.767,-0.539,-0.508,-0.665,-0.217,-0.31,0.036,-0.377,-0.81,0.152,-0.496,-0.476,-0.33,0.032,-0.592,-0.066,-0.21,-0.068,-0.701,0.027,-0.41,0.047,-0.187,0.111,0.103,0.422,-0.0,0.269,0.086,0.524,0.674,1.377,2.167,2.439,1.794,2.645,3.135,2.335,3.007,3.631,4.211,4.557,5.793,6.707,6.504,7.829,14.334,492.583,1555.524,1544.356,1538.614,1512.948,175.836,10.086,8.002,7.683,7.159,7.109,6.434,6.433,6.489,6.722,7.071,7.631,7.631,8.186,8.133,7.284,7.114,8.469,8.829,7.453,9.526,10.967,11.443,12.206,13.91,13.637,15.508,13.166,13.7,14.784,13.601,13.906,15.446,15.251,15.327,14.246,16.194,15.283,15.51,15.654,16.951,15.324,16.298,17.401,17.318,15.375,16.819,16.689,16.196,16.326,15.224,16.956,15.726,15.149,14.611,14.847,16.181,14.834,14.298,14.56,12.656,11.378,13.169,11.759,13.29,11.667,11.174,10.882,11.8,10.635,10.287,10.139,8.706,9.657,8.587,9.521,9.038,8.528,8.95,7.579,7.22,6.6,6.477,6.991,6.523,6.159,5.898,5.77,6.215,6.544,4.799,5.089,4.798,3.998,4.541,4.95,4.308,4.544,3.55,3.477,3.585,2.923,3.052,2.879,2.585,2.829,3.293,2.461,1.866,1.902,2.518,
380.0,-3.981,-3.046,-2.149,-1.167,-1.154,-1.675,-0.394,-1.333,-0.164,-1.087,-0.813,-0.794,-0.645,-0.633,-0.216,-0.46,-0.722,-0.549,-0.995,-0.482,-0.475,-0.58,-0.718,-0.331,-0.753,-0.535,-0.303,-0.297,-0.277,-0.294,-0.608,0.003,-0.401,-0.079,0.21,0.381,-0.038,-0.181,0.102,-0.284,0.215,0.503,-0.065,0.137,0.493,0.514,1.383,1.463,2.124,2.585,2.285,2.708,2.953,2.926,3.803,3.666,4.649,4.854,5.19,5.503,6.093,7.426,60.921,1279.903,1477.682,1476.383,1477.949,815.334,24.768,8.673,6.706,6.344,7.841,7.249,6.653,6.21,6.257,5.636,6.931,6.636,7.018,7.114,6.707,8.082,7.493,7.714,8.218,8.617,8.989,9.366,10.695,12.021,13.445,12.857,14.219,14.314,13.476,13.071,12.917,13.45,14.48,13.162,14.67,14.696,14.295,15.509,14.082,13.967,15.294,15.59,15.495,15.884,13.742,15.377,15.065,14.511,14.204,15.326,13.12,14.726,12.491,12.27,12.814,12.737,12.614,12.849,11.421,11.157,11.614,12.577,10.982,10.671,10.321,10.655,11.151,9.511,9.705,9.314,9.104,9.285,8.604,8.578,6.656,6.517,7.786,6.775,6.856,7.086,6.908,5.472,6.992,5.758,5.178,5.317,5.269,5.633,4.317,4.932,4.184,5.055,4.497,3.452,3.986,3.799,3.947,3.96,2.693,2.31,3.447,3.57,2.489,3.201,1.914,2.679,1.701,1.872,
385.0,-1.491,-2.845,-0.994,-2.399,-0.925,-1.773,-1.338,-1.029,-1.048,-1.207,-1.231,-1.273,-0.49,-1.134,-0.846,-0.649,-0.549,-0.846,-0.728,-0.753,-0.412,-0.431,-0.613,-0.48,-0.629,-0.0,-0.233,-0.397,-0.402,-0.255,-0.185,-0.187,-0.42,-0.063,0.042,-0.607,0.044,-0.183,-0.39,-0.054,0.442,-0.232,-0.281,0.262,-0.123,0.444,0.188,0.314,0.897,1.785,1.102,2.306,2.022,2.713,2.772,2.813,3.307,3.869,4.368,4.484,4.601,5.852,5.812,5.799,11.144,270.743,1461.176,1460.12,1461.04,1470.763,250.876,10.275,6.834,6.551,6.954,6.466,6.766,5.505,5.912,6.849,6.095,6.149,5.684,5.964,6.208,6.636,6.545,7.61,6.998,7.066,7.146,8.921,9.439,9.032,9.892,11.72,13.033,13.418,12.469,13.043,12.794,11.656,12.44,12.482,11.814,13.132,13.176,12.116,12.819,14.448,12.498,13.063,12.803,12.635,12.547,13.981,14.155,13.198,13.716,12.703,13.194,13.226,12.478,12.452,11.886,11.668,11.518,11.861,10.625,11.278,10.204,9.015,9.747,9.411,8.745,9.748,8.651,8.992,8.438,8.437,7.635,7.508,8.095,6.822,6.453,6.295,5.653,6.645,5.806,5.022,5.656,5.046,5.664,4.922,5.275,4.191,4.918,3.772,3.255,3.338,2.877,3.957,3.309,3.135,3.689,2.944,3.077,2.866,2.747,1.65,2.536,2.213,1.943,2.262,2.385,1.56,
390.0,-2.675,-2.101,-1.168,-1.476,-2.286,-1.704,-1.26,-1.493,-0.786,-0.41,-0.798,-1.118,-0.305,-0.799,-0.999,-0.658,-1.031,-0.633,-0.521,-0.88,-0.752,-0.626,-0.086,-0.428,-0.617,-0.491,-0.005,-0.386,0.046,-0.355,-0.292,-0.685,-0.156,-0.115,-0.147,-0.179,-0.185,0.025,-0.225,0.048,-0.058,0.069,0.103,0.786,0.76,0.743,0.968,0.819,0.737,0.719,0.953,1.667,1.811,1.951,2.368,2.688,2.391,2.436,3.274,3.36,3.585,4.226,4.511,5.351,5.281,6.098,7.119,62.558,1160.951,1434.995,1449.095,1466.884,727.775,27.225,7.897,6.709,6.587,6.325,5.827,4.894,4.558,5.242,5.422,5.194,5.093,5.41,5.835,6.633,6.172,6.231,6.237,5.911,6.039,6.751,7.271,7.641,8.853,9.9,9.58,11.23,12.153,10.6,10.644,10.945,10.963,11.282,10.576,10.656,11.778,10.552,10.958,11.659,11.333,10.161,11.451,11.691,10.833,10.193,10.701,10.441,10.379,9.749,10.595,9.731,10.735,10.396,9.105,9.603,9.173,10.054,9.464,8.869,9.17,9.86,8.893,7.388,8.141,7.671,7.557,7.581,7.578,7.321,7.175,7.106,6.629,5.702,6.073,5.764,5.266,5.389,4.757,4.802,5.442,4.713,4.092,4.215,4.16,3.893,3.813,4.383,3.628,3.514,3.949,2.819,2.652,2.716,2.254,2.631,2.813,1.886,1.804,1.879,1.627,2.303,2.193,1.064,
395.0,-2.13,-1.68,-1.211,-1.007,-0.716,-0.862,-1.124,-1.102,-0.167,-0.95,-0.686,-1.185,-0.833,-0.723,-1.005,-0.963,-0.739,-0.433,-0.436,-0.158,-0.268,-0.683,-0.554,-0.533,-0.555,-0.471,-0.186,-0.243,0.017,-0.158,-0.409,-0.13,-0.183,0.002,-0.448,-0.314,-0.283,-0.032,-0.029,-0.342,0.096,-0.131,0.055,0.048,-0.053,0.408,0.128,0.616,0.381,0.545,0.689,0.655,0.886,0.884,1.633,1.782,1.802,1.645,1.733,2.01,2.413,3.284,2.461,3.102,3.488,4.145,4.521,4.66,4.685,13.087,318.976,1332.279,1350.412,1365.819,1378.656,136.124,8.106,5.741,4.559,6.243,5.435,4.999,4.745,4.106,3.934,4.637,4.518,4.874,4.329,4.859,5.688,5.876,5.362,5.256,5.999,6.101,6.712,6.57,7.101,8.232,8.384,8.46,9.558,10.581,11.125,9.412,9.627,9.553,9.201,9.183,9.533,9.005,8.775,10.202,9.667,9.16,8.981,9.081,9.952,10.332,10.462,9.964,9.772,8.551,9.551,9.392,8.437,8.242,9.191,8.634,8.64,7.838,7.334,8.107,7.794,7.134,8.128,5.916,5.789,6.939,6.583,6.538,6.216,6.504,5.459,5.562,5.329,4.879,4.91,4.773,4.625,5.017,4.305,4.623,4.153,3.711,3.215,4.105,3.635,3.396,2.792,2.406,3.294,3.011,2.734,2.313,2.575,2.513,1.914,1.886,1.735,2.372,1.678,2.126,1.41,1.568,
400.0,-3.984,-1.137,-1.42,-1.772,-1.084,-1.329,-1.035,-1.292,-0.581,-0.479,-0.855,-1.261,-0.758,-0.745,-0.638,-0.563,-0.802,-0.443,-0.539,-0.542,-0.167,-0.25,-0.369,-0.329,-0.521,-0.527,-0.503,-0.265,-0.508,-0.314,-0.349,-0.243,-0.536,-0.566,0.033,-0.356,-0.34,-0.238,-0.062,-0.214,-0.184,-0.152,0.131,-0.077,-0.153,-0.067,-0.092,0.223,-0.016,0.257,0.466,0.286,0.288,0.294,0.818,0.63,1.262,1.468,1.349,1.304,1.704,1.79,2.431,2.058,2.352,2.777,3.015,3.938,3.877,4.283,4.62,5.809,55.606,965.703,1325.384,1334.414,1335.929,783.033,22.063,6.463,4.687,5.059,4.814,4.911,4.347,4.142,3.732,3.565,4.702,4.063,4.063,4.922,4.479,4.614,5.272,5.103,5.236,5.127,5.363,6.401,6.587,5.486,6.451,6.777,7.368,8.328,8.362,8.88,9.076,8.39,8.115,8.206,7.886,8.672,8.47,7.871,7.995,8.318,8.631,8.451,7.903,8.52,8.089,8.395,8.257,7.996,7.997,7.713,6.785,8.206,7.69,7.936,7.612,7.182,6.898,6.34,7.037,6.535,6.627,5.266,6.877,5.771,5.237,5.58,5.431,5.087,4.994,4.425,4.199,4.539,4.771,4.199,4.16,4.066,3.242,3.763,4.158,3.441,3.329,3.103,2.329,2.11,3.085,3.127,1.983,2.108,2.384,1.752,2.017,2.761,2.621,2.284,2.121,1.7,1.207,1.097,
405.0,-2.531,-2.54,-2.474,-0.832,-1.217,-1.729,-0.036,-0.648,-1.31,-0.808,-0.403,-0.824,-0.633,-0.557,-0.541,-0.704,-0.794,-0.494,-0.456,-0.363,-0.485,-0.868,-0.301,-0.327,-0.331,-0.274,-0.165,-0.279,-0.421,-0.406,-0.285,-0.496,-0.432,-0.112,-0.228,-0.124,-0.422,-0.149,-0.179,0.082,-0.021,-0.213,-0.001,-0.124,0.035,-0.114,-0.011,0.135,0.19,-0.126,0.108,0.149,0.221,-0.083,0.058,0.245,0.325,0.867,1.188,1.401,1.433,1.652,1.651,1.827,2.218,2.416,2.067,2.86,2.649,3.348,3.953,4.389,4.323,5.166,12.358,475.856,1362.282,1359.224,1353.174,1279.54,80.854,6.941,5.329,4.816,3.951,4.437,3.939,4.432,3.442,3.185,4.215,4.06,3.281,3.739,4.346,4.655,4.785,4.563,5.059,5.048,5.467,5.915,6.159,6.123,6.657,6.831,7.518,6.566,7.659,7.651,8.068,8.549,7.751,8.641,7.972,7.146,7.441,7.427,7.683,8.591,7.854,7.448,7.494,7.91,8.236,8.054,6.942,7.017,7.93,6.871,6.327,6.841,7.386,7.145,6.395,5.623,6.058,6.303,5.822,6.363,5.656,5.269,5.751,5.786,5.527,5.159,5.308,4.8,4.502,4.303,5.477,3.589,4.374,4.214,3.501,3.222,3.888,3.43,3.033,3.082,3.247,2.758,2.505,2.528,2.535,1.722,3.111,2.527,2.292,1.913,2.493,1.98,1.917,1.369,1.885,2.03,
410.0,0.495,-1.91,-1.023,-2.333,-1.848,-0.73,-1.638,-0.584,-1.04,-1.013,-1.297,-0.42,-0.846,-0.692,-0.606,-0.27,-0.479,-0.652,-0.401,-0.47,-0.091,-0.684,-0.721,-0.275,-0.32,-0.365,-0.015,-0.477,-0.517,-0.433,-0.196,-0.417,-0.295,-0.431,-0.126,-0.194,-0.101,-0.341,-0.087,-0.025,-0.214,-0.011,0.03,-0.108,-0.085,0.135,0.048,0.059,-0.054,-0.15,-0.078,0.403,-0.018,0.111,0.09,0.342,0.492,0.19,0.5,0.972,0.9,1.027,0.802,1.025,1.132,1.303,1.606,2.021,2.038,1.986,3.151,2.696,3.897,4.208,4.779,4.663,5.601,68.547,1172.144,1322.748,1310.547,1294.863,446.068,10.946,5.082,4.555,3.418,3.901,3.699,3.512,3.13,3.023,3.839,3.756,4.13,3.835,4.727,4.862,4.981,4.165,5.203,5.042,5.076,5.11,5.634,5.753,5.895,6.232,6.415,6.335,7.39,7.549,7.896,8.465,9.688,8.233,7.907,6.625,7.486,7.106,8.14,7.529,8.633,8.224,7.575,7.08,7.798,6.97,7.009,7.24,6.937,6.651,7.271,6.73,6.803,6.98,6.171,5.771,6.33,6.225,6.205,6.193,5.16,5.522,5.755,5.207,5.333,5.212,4.076,4.142,5.132,5.069,3.638,4.07,4.326,4.05,3.79,4.239,3.701,3.467,2.856,3.222,3.204,3.203,2.206,2.698,1.68,2.566,2.326,1.644,1.555,1.856,2.003,1.468,1.539,0.908,
415.0,-1.227,-1.476,-1.364,-2.011,-1.477,-1.452,-1.274,-1.321,-1.201,-1.339,-0.81,-0.666,-0.718,-1.078,-0.121,-0.747,-0.754,-0.461,-0.259,-0.659,-0.654,-0.222,0.158,-0.333,-0.518,-0.145,-0.424,-0.34,-0.166,-0.152,-0.474,-0.445,-0.362,-0.16,-0.236,-0.05,-0.048,-0.315,0.276,0.02,-0.003,-0.431,0.11,-0.257,-0.069,-0.053,-0.08,-0.025,-0.338,-0.018,0.003,0.136,0.053,0.121,0.377,0.276,0.144,0.246,0.093,0.353,0.468,0.776,0.824,0.797,1.029,1.738,1.469,1.307,1.274,1.961,1.803,1.97,2.54,2.908,3.342,3.167,3.193,4.434,5.137,13.467,361.81,1287.593,1267.161,1248.306,1107.833,77.939,5.848,3.987,3.77,3.358,3.51,3.718,3.327,3.368,3.821,3.592,3.647,3.864,3.134,4.281,3.996,4.93,4.921,4.925,4.574,5.591,5.682,4.824,5.346,5.79,5.936,5.989,6.411,7.008,7.221,8.158,7.151,7.881,8.545,7.191,7.066,7.191,7.609,7.147,6.715,7.871,7.022,6.503,6.727,6.691,7.787,6.497,6.725,6.347,5.55,5.933,6.087,6.525,5.915,5.666,5.552,5.321,5.062,4.418,4.816,4.817,4.869,4.585,4.374,4.575,4.346,4.557,3.272,3.702,3.071,3.923,3.797,3.414,2.959,3.584,3.557,2.938,2.56,2.45,3.524,2.703,2.49,2.234,1.617,2.088,2.136,1.73,2.7,2.171,1.545,2.104,
420.0,-0.859,-1.9,-1.78,-0.893,-0.905,-1.682,-0.459,-0.82,-0.961,0.044,-0.628,-0.556,-0.606,-0.71,-0.904,-0.428,-0.386,-0.723,-0.383,-0.624,-0.591,0.059,-0.277,-0.262,-0.174,-0.281,-0.208,-0.443,-0.364,-0.416,0.029,-0.417,-0.329,-0.153,-0.464,-0.075,-0.086,-0.202,-0.159,-0.279,-0.151,-0.012,-0.113,-0.073,0.309,-0.052,0.113,-0.107,0.096,-0.05,0.1,0.039,0.099,0.163,-0.187,0.039,0.297,0.185,0.1,0.048,0.165,0.435,0.599,0.438,0.658,0.745,1.143,1.38,1.172,1.231,1.479,1.667,1.614,1.929,2.096,2.456,2.914,2.854,3.886,3.855,3.668,6.28,101.288,1120.581,1150.529,1133.426,1117.151,225.916,8.611,3.556,3.932,3.542,3.393,3.134,3.029,2.685,3.025,3.481,3.197,3.033,3.994,3.664,3.933,3.898,4.069,3.93,4.41,4.848,4.81,4.562,4.958,4.894,5.9,5.409,5.485,6.248,6.383,6.301,6.625,6.695,6.799,7.495,6.788,6.049,6.013,5.9,6.391,6.118,6.117,5.945,5.88,6.77,5.709,5.625,5.68,5.162,5.422,5.25,5.351,4.825,5.675,5.211,4.922,4.57,4.746,3.979,4.781,4.586,3.653,4.216,3.397,3.964,3.571,3.842,4.031,3.33,3.21,3.006,3.194,2.602,3.013,2.525,2.661,2.776,2.529,2.723,2.481,2.344,2.012,1.325,1.301,2.021,1.644,1.18,1.304,1.363,
425.0,-1.979,-1.035,-0.407,-0.886,-0.402,-0.811,-0.839,-0.802,-0.51,-1.049,-0.519,-0.953,-0.453,-0.457,-0.426,-0.164,-0.308,-0.215,-0.418,-0.648,-0.386,-0.408,-0.297,-0.204,-0.118,-0.709,-0.263,-0.439,-0.133,-0.406,-0.172,-0.247,-0.232,-0.261,0.016,-0.227,-0.011,-0.266,-0.182,-0.186,-0.093,-0.068,-0.323,-0.338,-0.212,0.016,0.126,0.127,0.068,0.113,-0.013,0.259,0.146,-0.051,0.05,-0.028,-0.027,0.108,0.103,0.078,0.21,0.265,0.112,0.181,0.302,0.253,0.296,0.45,0.845,0.91,0.935,1.244,1.398,1.6,1.709,1.742,1.762,2.092,2.264,2.902,3.035,3.485,3.356,3.607,14.979,402.021,1092.905,1079.657,1068.248,864.151,42.47,3.598,3.42,3.643,3.001,3.423,2.914,2.625,2.85,2.987,3.313,3.527,3.059,3.144,3.22,3.708,3.892,3.968,4.194,4.115,4.464,4.99,4.294,4.087,4.64,4.344,4.961,4.926,4.634,5.473,5.268,5.605,5.984,6.503,6.175,5.744,5.828,5.364,5.507,4.997,5.332,5.91,5.665,5.437,5.715,4.935,5.686,4.656,4.772,5.172,4.705,4.306,3.84,4.327,4.48,4.123,3.9,3.537,4.135,3.077,2.992,4.04,3.188,3.414,2.904,3.333,2.452,2.651,2.442,2.207,2.519,2.341,2.657,2.03,2.136,2.677,1.753,2.015,1.81,1.338,1.804,1.457,1.351,0.796,1.23,1.507,
430.0,-2.587,-1.112,-0.812,-0.657,-1.237,-1.314,-0.854,-0.947,-1.127,-0.983,-0.521,-0.838,-0.763,-0.524,-0.375,-0.37,-0.55,-0.392,-0.503,-0.494,-0.495,-0.536,-0.369,-0.329,-0.248,-0.338,-0.299,-0.337,-0.095,-0.292,-0.263,-0.204,-0.1,-0.226,-0.25,-0.31,-0.201,-0.309,-0.157,-0.137,0.085,-0.131,-0.051,-0.242,-0.077,-0.319,-0.193,-0.099,-0.091,0.06,-0.122,-0.112,0.038,0.133,0.056,0.268,-0.114,0.035,0.116,0.158,0.367,0.026,0.224,-0.005,0.21,0.049,0.425,0.44,0.304,0.745,0.546,1.021,1.471,0.952,0.982,1.031,1.264,1.488,1.192,1.758,1.565,1.842,2.221,2.151,2.649,3.267,3.895,75.704,873.581,992.488,984.166,979.954,287.73,8.196,3.158,2.982,3.245,3.105,2.75,2.801,2.576,2.729,2.681,2.943,2.807,3.592,3.119,2.959,3.371,3.911,3.774,3.599,3.744,3.592,3.415,4.022,3.673,4.085,3.954,4.407,4.141,4.899,4.688,5.176,5.174,5.628,5.96,5.541,5.288,5.2,4.307,4.665,5.066,4.563,4.105,3.874,3.995,3.729,4.478,4.434,4.413,3.952,4.014,3.175,3.733,3.756,2.479,3.794,2.997,3.028,3.519,3.116,2.569,2.911,2.828,2.456,2.969,2.734,2.685,2.336,2.553,2.586,2.04,2.104,2.18,1.861,1.875,2.216,1.59,1.851,1.708,1.289,0.93,0.881,0.815,1.448,
435.0,-2.388,-2.371,-1.052,-0.77,-0.513,-1.179,-1.251,-0.787,-0.828,-0.417,-0.846,-0.655,-0.317,-0.36,-0.44,-0.427,-0.27,-0.235,-0.481,-0.564,-0.309,-0.548,-0.408,-0.351,0.048,-0.288,-0.317,-0.329,-0.477,-0.177,-0.289,-0.049,-0.594,-0.261,-0.05,-0.057,0.058,-0.127,-0.049,0.038,-0.189,-0.171,0.075,-0.214,0.13,-0.035,0.103,0.059,-0.107,-0.059,0.155,-0.032,-0.069,0.176,-0.111,0.067,0.014,0.191,0.028,0.129,0.053,0.166,0.253,0.277,0.026,0.152,0.051,0.308,0.119,0.114,0.149,0.367,0.614,0.688,0.927,0.915,0.925,0.958,0.948,0.977,1.396,1.589,1.456,1.878,2.378,2.379,2.541,2.46,2.895,12.168,373.947,923.687,920.575,917.153,734.734,40.555,3.17,2.968,2.384,2.008,3.36,2.632,2.499,2.193,2.329,2.635,2.813,2.421,2.436,3.2,3.221,2.698,2.897,2.914,3.475,3.162,3.17,3.235,3.467,3.126,3.826,3.346,3.885,3.752,4.211,4.445,4.05,4.419,3.793,4.437,4.945,4.767,4.739,4.202,3.648,3.874,3.711,4.03,3.671,4.008,4.118,3.759,3.154,2.928,3.384,2.61,3.364,2.783,3.48,3.427,2.741,2.39,2.396,2.129,2.608,2.435,2.723,2.118,2.147,2.353,2.274,1.655,1.546,1.631,1.471,1.537,1.517,1.969,1.525,1.518,0.988,1.571,0.823,0.982,0.878,1.044,
440.0,-1.22,-1.101,-0.788,-0.367,-0.526,-0.924,-0.648,-0.55,-1.014,-0.903,-0.88,-0.51,-0.927,-0.566,-0.257,-0.167,-0.403,-0.544,-0.229,-0.415,-0.286,-0.291,-0.425,-0.417,-0.416,-0.066,-0.515,-0.423,-0.111,-0.168,-0.344,-0.242,0.018,-0.063,-0.334,-0.141,-0.101,-0.099,-0.161,-0.115,0.131,-0.106,-0.029,0.04,0.273,0.031,0.027,-0.05,0.094,-0.019,-0.033,-0.083,-0.108,0.085,0.082,-0.062,0.363,-0.03,0.029,0.088,0.167,0.154,0.021,0.46,0.101,0.197,0.098,0.214,0.231,0.18,0.191,0.198,0.38,0.369,0.401,0.868,0.633,0.697,0.683,0.918,0.945,1.121,1.22,1.089,1.338,1.443,1.589,1.927,1.514,1.422,1.958,3.231,44.701,725.063,844.025,844.341,846.471,248.674,6.57,2.787,2.323,1.936,2.521,2.2,2.434,2.314,2.498,2.269,2.507,2.762,2.81,2.81,2.488,2.654,3.225,2.783,2.832,3.45,3.191,2.749,3.017,2.872,3.707,3.213,3.438,3.437,3.218,3.573,2.949,3.509,3.127,3.486,4.581,4.03,3.554,4.225,4.187,4.268,3.117,3.818,3.24,3.433,2.761,2.974,3.487,3.074,2.973,2.563,2.849,2.139,2.546,2.264,1.976,2.265,2.185,2.092,1.5,1.695,2.11,1.776,1.437,1.964,1.582,2.168,1.641,1.868,1.522,1.738,1.401,1.661,1.034,0.931,0.953,1.567,0.965,0.852,
445.0,-1.07,-1.293,-0.992,-0.895,-0.392,-0.579,-0.83,-0.694,-0.502,-0.378,-0.768,-0.365,-0.621,-0.417,-0.505,-0.506,-0.799,-0.457,-0.372,-0.356,-0.211,-0.339,-0.196,-0.357,-0.331,-0.188,-0.288,-0.263,-0.299,-0.155,-0.114,0.029,-0.178,-0.157,-0.1,-0.306,-0.138,0.059,-0.125,0.251,0.085,-0.193,-0.097,0.152,-0.058,0.194,-0.066,0.123,0.044,0.139,0.106,0.207,0.021,0.219,-0.044,0.141,0.08,0.07,0.024,0.036,0.039,0.14,0.193,-0.027,0.075,0.114,0.052,0.26,-0.082,0.112,0.147,0.14,0.184,0.177,0.227,0.366,0.614,0.819,0.529,0.658,0.458,1.012,0.759,0.865,0.908,0.93,1.434,1.169,1.447,1.869,1.53,1.645,1.686,1.949,6.074,192.792,844.877,847.798,849.978,717.325,55.102,3.495,1.916,2.192,2.118,2.245,2.654,2.331,2.623,2.052,2.123,2.455,1.857,2.377,2.246,2.33,2.733,2.708,2.192,2.667,2.573,2.807,2.908,2.919,3.076,3.046,3.078,3.195,2.918,3.111,2.821,2.918,3.217,3.512,2.741,2.95,3.235,3.741,3.482,3.099,2.665,2.835,2.652,3.216,2.145,2.27,2.715,2.453,1.974,2.534,2.343,2.441,2.289,2.567,2.43,1.832,2.013,1.971,1.401,1.969,2.046,1.387,1.539,1.47,1.177,1.135,0.911,1.054,1.359,1.243,1.445,1.028,0.781,1.207,1.208,0.706,
450.0,-0.653,-1.387,-0.518,-0.602,-0.828,-0.604,-0.566,-0.604,-0.326,-0.622,-0.29,-0.501,-0.423,-0.5,-0.415,-0.566,-0.455,0.03,-0.274,-0.348,-0.194,-0.3,0.162,-0.336,-0.054,-0.155,-0.351,-0.305,-0.185,-0.143,-0.06,-0.196,-0.267,0.214,-0.131,0.014,-0.001,0.033,0.024,0.058,0.228,0.163,-0.007,0.016,0.119,0.165,0.139,0.242,-0.009,0.027,0.226,0.243,0.136,0.109,0.133,0.153,0.205,0.125,0.138,0.039,0.195,0.297,0.118,0.101,0.267,0.206,-0.111,0.104,0.207,0.041,0.256,0.183,0.231,0.108,0.222,0.304,0.179,0.304,0.673,0.489,0.411,0.623,0.583,0.825,0.692,0.601,0.777,1.09,0.677,1.065,0.952,1.208,1.341,1.139,1.227,1.334,2.703,34.881,573.659,739.183,743.953,748.412,216.517,7.298,2.374,2.242,2.045,2.236,2.005,1.996,2.247,1.929,2.09,2.088,2.152,2.175,1.908,2.249,2.261,1.842,2.181,2.461,2.169,1.989,2.647,2.167,2.677,2.588,2.573,2.094,2.546,2.512,2.199,2.504,2.664,2.554,2.452,2.711,3.001,3.065,3.03,2.718,2.712,2.766,2.354,2.698,2.468,2.297,2.136,2.554,2.174,1.972,2.28,2.367,2.172,2.025,2.035,1.606,1.581,1.544,1.894,1.826,1.327,1.613,1.364,1.361,1.171,1.131,1.558,0.807,1.266,1.005,0.978,0.762,1.074,0.418,
